Size,Reservoir,Naive
1000,2.17e-05,4e-07
10000,0.0002231,3e-07
100000,0.0022655,1.2e-06
1000000,0.0283826,3.6e-06
