Size,Reservoir,Naive
1000,2.15e-05,3e-07
10000,0.0002353,8e-07
100000,0.0025808,8e-07
1000000,0.0247173,1.8e-06
